spatial_dim,spatial_dim_en,spatial_dim_es,time_dim,dengue_cases,population,year,cases_per_100k,lag_cases_1,lag_cases_2,ma3_cases,risk_score
ABW,Aruba,Aruba,2014,400.0,17030.842307928644,2014,2348.680075640073,0.0,0.0,400.0,2.7978281302113728
ABW,Aruba,Aruba,2015,335.0,17173.56231439315,2015,1950.672748421198,400.0,0.0,367.5,2.7918507675088433
ABW,Aruba,Aruba,2016,1319.0,17311.950657821882,2016,7619.014321786145,335.0,400.0,684.6666666666666,12.020528320128275
ABW,Aruba,Aruba,2017,1734.0,17442.530906450924,2017,9941.21787313961,1319.0,335.0,1129.3333333333333,16.224606068883492
ABW,Aruba,Aruba,2018,9.0,17564.48461192248,2018,51.23976136419597,1734.0,1319.0,1020.6666666666666,2.172008287546786
ABW,Aruba,Aruba,2019,106.0,17677.919555458157,2019,599.6180696911922,9.0,1734.0,616.3333333333334,2.4786372317470815
ABW,Aruba,Aruba,2020,11.0,17743.45898944104,2020,61.99467649766595,106.0,9.0,42.0,0.278439503801513
ABW,Aruba,Aruba,2021,4.0,17786.503869149026,2021,22.488961458794964,11.0,106.0,40.333333333333336,0.255240132163129
ABW,Aruba,Aruba,2022,11.0,17844.19869038654,2022,61.644684588309296,4.0,11.0,8.666666666666666,0.15136973733443743
ABW,Aruba,Aruba,2023,22.0,17894.818404040834,2023,122.94061612288937,11.0,4.0,12.333333333333334,0.0
ABW,Aruba,Aruba,2024,88.0,17942.2042063514,2024,490.4637077358014,22.0,11.0,40.333333333333336,0.30408145518262303
AIA,Anguilla,Anguila,2014,86.0,2252.5069561619757,2014,3817.968231562515,0.0,0.0,86.0,5.215918991467935
AIA,Anguilla,Anguila,2015,8.0,2335.3690195532727,2015,342.55828235360855,86.0,0.0,47.0,0.580720911123968
AIA,Anguilla,Anguila,2016,50.0,2355.438466149669,2016,2122.74702644781,8.0,86.0,48.0,2.8029238471557796
AIA,Anguilla,Anguila,2017,22.0,2375.5449793788957,2017,926.1032811827486,50.0,8.0,26.666666666666668,0.6437839867768785
AIA,Anguilla,Anguila,2018,1.0,2428.5809054266438,2018,41.17630990861818,22.0,50.0,24.33333333333333,0.4382061168052455
AIA,Anguilla,Anguila,2019,6.0,2448.7567791343245,2019,245.02229258232407,1.0,22.0,9.666666666666666,0.26730839009356366
AIA,Anguilla,Anguila,2020,6.0,2455.6707928708533,2020,244.3324250717489,6.0,1.0,4.333333333333333,0.10494138395912454
AIA,Anguilla,Anguila,2023,1.0,2393.026254883009,2023,41.78809145781346,6.0,6.0,4.333333333333333,0.26691254694878086
AIA,Anguilla,Anguila,2024,5.0,2428.13756167427,2024,205.91914061707269,1.0,6.0,4.0,0.12186333586010978
ARG,Argentina,Argentina,2014,3270.0,6128670.098655196,2014,53.3557843277864,0.0,0.0,3270.0,1.7225452696227332
ARG,Argentina,Argentina,2015,4774.0,6295171.6120704,2015,75.83589922864539,3270.0,0.0,4022.0,3.2386131586415248
ARG,Argentina,Argentina,2016,79455.0,6159575.220862906,2016,1289.9428475340385,4774.0,3270.0,29166.33333333333,7.46254808983156
ARG,Argentina,Argentina,2017,557.0,6314223.272042632,2017,8.82135420307702,79455.0,4774.0,28262.0,22.09459422207066
ARG,Argentina,Argentina,2018,1829.0,6368542.492853629,2018,28.71928705904666,557.0,79455.0,27280.33333333333,25.60963193048467
ARG,Argentina,Argentina,2019,3220.0,6416533.302545623,2019,50.18286118335166,1829.0,557.0,1868.6666666666667,2.7331669792087903
ARG,Argentina,Argentina,2020,59358.0,6450534.760283386,2020,920.2027770701026,3220.0,1829.0,21469.0,5.703796378752254
ARG,Argentina,Argentina,2021,3972.0,6575016.753071303,2021,60.41049246216158,59358.0,3220.0,22183.33333333333,16.70272110941228
ARG,Argentina,Argentina,2022,841.0,6593406.603574846,2022,12.75516664699584,3972.0,59358.0,21390.33333333333,21.01419634995888
ARG,Argentina,Argentina,2023,146876.0,7328706.660303214,2023,2004.1189640673,841.0,3972.0,50563.0,12.020044110330705
ARG,Argentina,Argentina,2024,581559.0,7498879.063016401,2024,7755.279090553431,146876.0,841.0,243092.0,50.99813453110257
ATG,Antigua and Barbuda,Antigua y Barbuda,2014,37.0,13817.913129348904,2014,267.76836453988784,0.0,0.0,37.0,0.14337872702631385
ATG,Antigua and Barbuda,Antigua y Barbuda,2015,14.0,13923.414091573666,2015,100.55005121533146,37.0,0.0,25.5,0.07638601149473698
ATG,Antigua and Barbuda,Antigua y Barbuda,2016,103.0,14022.071992645391,2016,734.5562057734672,14.0,37.0,51.333333333333336,0.7083936110098175
ATG,Antigua and Barbuda,Antigua y Barbuda,2017,1.0,14110.59102335003,2017,7.08687537145122,103.0,14.0,39.333333333333336,0.5410908931431141
ATG,Antigua and Barbuda,Antigua y Barbuda,2018,8.0,14196.77258466991,2018,56.35083574303805,1.0,103.0,37.333333333333336,0.3615721299464559
ATG,Antigua and Barbuda,Antigua y Barbuda,2019,1223.0,14282.588579296727,2019,8562.873552017,8.0,1.0,410.6666666666667,13.504049779567058
ATG,Antigua and Barbuda,Antigua y Barbuda,2020,407.0,14371.989259001217,2020,2831.8974685087155,1223.0,8.0,546.0,4.588908273527668
ATG,Antigua and Barbuda,Antigua y Barbuda,2021,25.0,14465.108036737842,2021,172.82968047321947,407.0,1223.0,551.6666666666666,1.67942187635891
ATG,Antigua and Barbuda,Antigua y Barbuda,2022,48.0,14556.383537789265,2022,329.75223464941723,25.0,407.0,160.0,0.7407912514140843
ATG,Antigua and Barbuda,Antigua y Barbuda,2023,254.0,15439.984809239397,2023,1645.079338730985,48.0,25.0,109.0,1.6210235194798754
ATG,Antigua and Barbuda,Antigua y Barbuda,2024,169.0,15533.091264043504,2024,1087.9997878542476,254.0,48.0,157.0,1.5689774093603805
BHS,Bahamas,Bahamas,2014,146.0,58591.3473864873,2014,249.1835510061532,0.0,0.0,146.0,0.11330143619731935
BHS,Bahamas,Bahamas,2015,10.0,59085.36354864478,2015,16.92466526294119,146.0,0.0,78.0,0.5991132947739057
BHS,Bahamas,Bahamas,2016,82.0,59532.447105861655,2016,137.7400123569356,10.0,146.0,79.33333333333333,0.1686015290947237
BHS,Bahamas,Bahamas,2017,14.0,59939.31813692849,2017,23.35695572648603,82.0,10.0,35.333333333333336,0.41907441720712957
BHS,Bahamas,Bahamas,2018,10.0,60319.78346541047,2018,16.5783088490932,14.0,82.0,35.333333333333336,0.37844048870729313
BHS,Bahamas,Bahamas,2019,27.0,60665.3574862532,2019,44.50645495020484,10.0,14.0,17.0,0.2325980748255351
BHS,Bahamas,Bahamas,2020,3.0,60895.386284625725,2020,4.926481599078731,27.0,10.0,13.333333333333334,0.3247061480523957
BHS,Bahamas,Bahamas,2023,243.0,64918.71510790511,2023,374.31424758807344,3.0,27.0,91.0,0.4906824609763678
BHS,Bahamas,Bahamas,2024,0.0,66480.09564733601,2024,0.0,243.0,3.0,82.0,0.5623396809333563
BLZ,Belize,Belice,2014,2633.0,51242.85963897078,2014,5138.276861499692,0.0,0.0,2633.0,7.746770318288531
BLZ,Belize,Belice,2015,2381.0,52429.36571431559,2015,4541.348092925487,2633.0,0.0,2507.0,7.715038553996464
BLZ,Belize,Belice,2016,2659.0,53766.597187530446,2016,4945.449664083773,2381.0,2633.0,2557.6666666666665,9.617790389513274
BLZ,Belize,Belice,2017,1627.0,55112.1158954193,2017,2952.16391816165,2659.0,2381.0,2222.333333333333,6.551771112640101
BLZ,Belize,Belice,2018,1322.0,56222.98955118527,2018,2351.351307629159,1627.0,2659.0,1869.3333333333333,5.545610787962746
BLZ,Belize,Belice,2019,3636.0,57109.147527620735,2019,6366.755865584327,1322.0,1627.0,2195.0,11.066179158003342
BLZ,Belize,Belice,2020,1069.0,57884.70133835576,2020,1846.774666334256,3636.0,1322.0,2009.0,4.504257613341081
BLZ,Belize,Belice,2021,3104.0,58584.5259375078,2021,5298.327417227958,1069.0,3636.0,2603.0,10.463464668627834
BLZ,Belize,Belice,2022,5080.0,59723.27869454096,2022,8505.896044291252,3104.0,1069.0,3084.333333333333,14.690782429705457
BLZ,Belize,Belice,2023,1688.0,64227.95371130928,2023,2628.1391550900003,5080.0,3104.0,3290.6666666666665,7.843904725823387
BLZ,Belize,Belice,2024,1148.0,67597.06487469783,2024,1698.2985905201729,1688.0,5080.0,2638.6666666666665,5.810822662100043
BMU,Bermuda,Bermuda,2014,1.0,10553.949253529869,2014,9.475126097138856,0.0,0.0,1.0,0.35362838506135336
BMU,Bermuda,Bermuda,2015,0.0,10551.720154779316,2015,0.0,1.0,0.0,0.5,0.17636080627970238
BMU,Bermuda,Bermuda,2016,2.0,10556.648405736098,2016,18.94540694292019,0.0,1.0,1.0,0.1607564077029956
BMU,Bermuda,Bermuda,2017,0.0,10584.665274036935,2017,0.0,2.0,0.0,0.6666666666666666,0.17636080627970238
BMU,Bermuda,Bermuda,2018,0.0,10634.976948059486,2018,0.0,0.0,2.0,0.6666666666666666,0.17636080627970238
BMU,Bermuda,Bermuda,2019,2.0,10690.271488508128,2019,18.708598768047832,0.0,0.0,0.6666666666666666,0.1607564077029956
BMU,Bermuda,Bermuda,2020,0.0,10745.224038041277,2020,0.0,2.0,0.0,0.6666666666666666,0.17636080627970238
BMU,Bermuda,Bermuda,2021,0.0,10799.202889505346,2021,0.0,0.0,2.0,0.6666666666666666,0.17636080627970238
BMU,Bermuda,Bermuda,2022,0.0,10825.748347382902,2022,0.0,0.0,0.0,0.0,0.17636080627970238
BMU,Bermuda,Bermuda,2023,1.0,10828.14926136315,2023,9.235188542959838,0.0,0.0,0.3333333333333333,0.35362838506135336
BMU,Bermuda,Bermuda,2024,3.0,10830.806426440451,2024,27.69876851160705,1.0,0.0,1.3333333333333333,0.24484479763943073
BOL,Bolivia (the Plurinational State of) ,Bolivia (Estado Plurinacional de),2014,23471.0,1541244.332139333,2014,1522.8604258625849,0.0,0.0,23471.0,5.118854481506945
BOL,Bolivia (the Plurinational State of) ,Bolivia (Estado Plurinacional de),2015,27099.0,1565845.4365652231,2015,1730.6305825077663,23471.0,0.0,25285.0,8.816625447214266
BOL,Bolivia (the Plurinational State of) ,Bolivia (Estado Plurinacional de),2016,32386.0,1590441.5682779986,2016,2036.2898358513687,27099.0,23471.0,27652.0,14.001955171629355
BOL,Bolivia (the Plurinational State of) ,Bolivia (Estado Plurinacional de),2017,9923.0,1614982.2938687806,2017,614.4339809589427,32386.0,27099.0,23136.0,14.387753473866972
BOL,Bolivia (the Plurinational State of) ,Bolivia (Estado Plurinacional de),2018,7597.0,1639430.654113577,2018,463.3925796701428,9923.0,32386.0,16635.333333333332,13.651636616618772
BOL,Bolivia (the Plurinational State of) ,Bolivia (Estado Plurinacional de),2019,19987.0,1663814.2631440712,2019,1201.275914189546,7597.0,9923.0,12502.333333333334,7.206494704099563
BOL,Bolivia (the Plurinational State of) ,Bolivia (Estado Plurinacional de),2020,111347.0,1685439.675643295,2020,6606.406720400795,19987.0,7597.0,46310.333333333336,18.603101231963112
BOL,Bolivia (the Plurinational State of) ,Bolivia (Estado Plurinacional de),2021,8947.0,1703476.7562500658,2021,525.2199636521841,111347.0,19987.0,46760.333333333336,26.49532616635901
BOL,Bolivia (the Plurinational State of) ,Bolivia (Estado Plurinacional de),2022,20007.0,1781982.767794132,2022,1122.738129772496,8947.0,111347.0,46767.0,30.921121963031126
BOL,Bolivia (the Plurinational State of) ,Bolivia (Estado Plurinacional de),2023,158744.0,1903228.60786572,2023,8340.77416364687,20007.0,8947.0,62566.0,24.175530947577382
BOL,Bolivia (the Plurinational State of) ,Bolivia (Estado Plurinacional de),2024,50439.0,2001278.3671051515,2024,2520.339040738246,158744.0,20007.0,76396.66666666667,35.423569352329444
BRA,Brazil,Brasil,2014,591080.0,27289946.91290316,2014,2165.9257963617624,0.0,0.0,591080.0,48.63653062612466
BRA,Brazil,Brasil,2015,1649008.0,27534546.444997605,2015,5988.869303854421,591080.0,0.0,1120044.0,73.03600636008174
BRA,Brazil,Brasil,2016,2220482.0,27771542.33293229,2016,7995.530004708774,1649008.0,591080.0,1486856.6666666667,82.15358639684696
BRA,Brazil,Brasil,2017,505239.0,27997278.213702988,2017,1804.6004191675884,2220482.0,1649008.0,1458243.0,88.50251545269954
BRA,Brazil,Brasil,2018,462326.0,28209156.198133893,2018,1638.9217626813806,505239.0,2220482.0,1062682.3333333333,86.64564231650284
BRA,Brazil,Brasil,2019,2248570.0,28413205.29554401,2019,7913.820269875147,462326.0,505239.0,1072045.0,77.39271237354869
BRA,Brazil,Brasil,2020,1467142.0,28595655.68894488,2020,5130.646472873847,2248570.0,462326.0,1392679.3333333333,84.23847433354221
BRA,Brazil,Brasil,2021,975474.0,28733016.81268853,2021,3394.958511872062,1467142.0,2248570.0,1563728.6666666667,89.78683116987611
BRA,Brazil,Brasil,2022,2363490.0,28852790.79842974,2022,8191.547280509963,975474.0,1467142.0,1602035.3333333333,84.66876513048412
BRA,Brazil,Brasil,2023,3064739.0,33560842.06482218,2023,9131.889462369596,2363490.0,975474.0,2134567.6666666665,89.044501484378
BRA,Brazil,Brasil,2024,10267077.0,34946264.97353909,2024,29379.611834838743,3064739.0,2363490.0,5231768.666666667,99.99999981788663
BRB,Barbados,Barbados,2014,2689.0,42807.318341569255,2014,6281.636187868303,0.0,0.0,2689.0,10.189469557559281
BRB,Barbados,Barbados,2015,503.0,42923.1061948378,2015,1171.8630001211188,2689.0,0.0,1596.0,3.043322529137461
BRB,Barbados,Barbados,2016,1732.0,43037.63070045633,2016,4024.385106268491,503.0,2689.0,1641.3333333333333,7.944651690233609
BRB,Barbados,Barbados,2017,597.0,43153.2855598508,2017,1383.4404316028265,1732.0,503.0,944.0,2.561642351131609
BRB,Barbados,Barbados,2018,67.0,43273.9535538839,2018,154.82754520354348,597.0,1732.0,798.6666666666666,2.1702993069516596
BRB,Barbados,Barbados,2019,117.0,43390.2270329189,2019,269.64597330001413,67.0,597.0,260.3333333333333,0.8672295279842712
BRB,Barbados,Barbados,2020,1352.0,43499.93779544548,2020,3108.050421491768,117.0,67.0,512.0,4.341733632375514
BRB,Barbados,Barbados,2021,448.0,43597.89536676512,2021,1027.5725381494276,1352.0,117.0,639.0,2.066092928602471
BRB,Barbados,Barbados,2022,339.0,43649.153040527126,2022,776.647372024028,448.0,1352.0,713.0,2.2384867476763457
BRB,Barbados,Barbados,2023,771.0,46013.70772404125,2023,1675.5876414566085,339.0,448.0,519.3333333333334,2.526631362852921
BRB,Barbados,Barbados,2024,1133.0,46903.98942863682,2024,2415.5727770743883,771.0,339.0,747.6666666666666,4.280596606587629
CAN,Canada,Canadá,2014,0.0,5088353.957589845,2014,0.0,0.0,0.0,0.0,0.17636080627970238
CAN,Canada,Canadá,2015,0.0,5135218.800054688,2015,0.0,0.0,0.0,0.0,0.17636080627970238
CAN,Canada,Canadá,2016,0.0,5191803.567086942,2016,0.0,0.0,0.0,0.0,0.17636080627970238
CAN,Canada,Canadá,2017,0.0,5258634.695887399,2017,0.0,0.0,0.0,0.0,0.17636080627970238
CAN,Canada,Canadá,2018,0.0,5330773.238250941,2018,0.0,0.0,0.0,0.0,0.17636080627970238
CAN,Canada,Canadá,2019,0.0,5403593.942630451,2019,0.0,0.0,0.0,0.0,0.17636080627970238
CAN,Canada,Canadá,2020,0.0,5549150.216315154,2020,0.0,0.0,0.0,0.0,0.17636080627970238
CAN,Canada,Canadá,2021,0.0,5684157.927398135,2021,0.0,0.0,0.0,0.0,0.17636080627970238
CAN,Canada,Canadá,2022,0.0,5743608.442692396,2022,0.0,0.0,0.0,0.0,0.17636080627970238
CAN,Canada,Canadá,2023,0.0,6560906.037378345,2023,0.0,0.0,0.0,0.0,0.17636080627970238
CAN,Canada,Canadá,2024,0.0,6640689.176843487,2024,0.0,0.0,0.0,0.0,0.17636080627970238
CHL,Chile,Chile,2014,30.0,2569491.0905769565,2014,1.1675463717316787,0.0,0.0,30.0,0.142100712738689
CHL,Chile,Chile,2015,40.0,2517061.4344599065,2015,1.5891546965194725,30.0,0.0,35.0,0.18152713079769756
CHL,Chile,Chile,2016,33.0,2629799.024823594,2016,1.25484874275568,40.0,30.0,34.333333333333336,0.3179753729321839
CHL,Chile,Chile,2017,10.0,2591134.031897483,2017,0.3859314059750517,33.0,40.0,27.666666666666668,0.25093795015748355
CHL,Chile,Chile,2018,18.0,2723310.3016652134,2018,0.6609603022099098,10.0,33.0,20.33333333333333,0.21146356784387366
CHL,Chile,Chile,2019,29.0,2769058.702977348,2019,1.047287295455983,18.0,10.0,19.0,0.142100712738689
CHL,Chile,Chile,2020,9.0,2709624.108342259,2020,0.3321493919503903,29.0,18.0,18.666666666666668,0.18152713079769756
CHL,Chile,Chile,2021,0.0,2809510.18529849,2021,0.0,9.0,29.0,12.666666666666666,0.21146356784387366
CHL,Chile,Chile,2022,0.0,2738427.84229092,2022,0.0,0.0,9.0,3.0,0.17636080627970238
CHL,Chile,Chile,2023,0.0,3198896.773259861,2023,0.0,0.0,0.0,0.0,0.17636080627970238
CHL,Chile,Chile,2024,157.0,3278509.9803680712,2024,4.788760776698137,0.0,0.0,52.333333333333336,0.28831262036035227
COL,Colombia,Colombia,2014,107975.0,6315788.357503339,2014,1709.604468802736,0.0,0.0,107975.0,19.36141318665755
COL,Colombia,Colombia,2015,96444.0,6378705.008841249,2015,1511.968336305302,107975.0,0.0,102209.5,28.207206531605923
COL,Colombia,Colombia,2016,101016.0,6450399.458128235,2016,1566.0425475310428,96444.0,107975.0,101811.66666666669,37.43767719491013
COL,Colombia,Colombia,2017,25284.0,6553837.925272674,2017,385.7892167656565,101016.0,96444.0,74248.0,32.97258653751231
COL,Colombia,Colombia,2018,44825.0,6685754.863225382,2018,670.4553325243405,25284.0,101016.0,57041.66666666666,28.9729519417991
COL,Colombia,Colombia,2019,127553.0,6816381.810038932,2019,1871.271351204892,44825.0,25284.0,65887.33333333333,19.793086126237657
COL,Colombia,Colombia,2020,78979.0,6923567.952971859,2020,1140.7268699673727,127553.0,44825.0,83785.66666666667,31.512634201846428
COL,Colombia,Colombia,2021,53334.0,6902316.6545565445,2021,772.6970909801959,78979.0,127553.0,86622.0,36.35147379754473
COL,Colombia,Colombia,2022,69497.0,6982983.769131081,2022,995.2335892175182,53334.0,78979.0,67270.0,25.942963252185333
COL,Colombia,Colombia,2023,131784.0,8456616.826251853,2023,1558.3536857304834,69497.0,53334.0,84871.66666666667,26.471488749537134
COL,Colombia,Colombia,2024,320982.0,8710441.45166896,2024,3685.025630227942,131784.0,69497.0,174087.66666666666,44.431269814063576
CRI,Costa Rica,Costa Rica,2014,11140.0,631078.7036179435,2014,1765.2314895329098,0.0,0.0,11140.0,3.7672309148619383
CRI,Costa Rica,Costa Rica,2015,17394.0,638340.5587494532,2015,2724.877772779451,11140.0,0.0,14267.0,8.13395867543598
CRI,Costa Rica,Costa Rica,2016,23319.0,645381.4262005895,2016,3613.2121336805058,17394.0,11140.0,17284.333333333332,13.272077826819856
CRI,Costa Rica,Costa Rica,2017,5561.0,651938.1094766227,2017,852.9950802330582,23319.0,17394.0,15424.666666666666,10.521133836271332
CRI,Costa Rica,Costa Rica,2018,2735.0,658342.7672122928,2018,415.4370847850535,5561.0,23319.0,10538.333333333334,10.593033648164287
CRI,Costa Rica,Costa Rica,2019,9400.0,664453.2967478575,2019,1414.6968712485827,2735.0,5561.0,5898.666666666667,6.353680193716905
CRI,Costa Rica,Costa Rica,2020,10056.0,669598.7242889164,2020,1501.7949758908242,9400.0,2735.0,7397.0,6.2098601960857405
CRI,Costa Rica,Costa Rica,2021,5174.0,673502.6871732762,2021,768.222621607574,10056.0,9400.0,8210.0,7.051713259889206
CRI,Costa Rica,Costa Rica,2022,7485.0,677000.861375462,2022,1105.6115918069486,5174.0,10056.0,7571.666666666667,7.231164347493081
CRI,Costa Rica,Costa Rica,2023,30649.0,798304.2664610596,2023,3839.26295870486,7485.0,5174.0,14436.0,11.618475852356706
CRI,Costa Rica,Costa Rica,2024,31259.0,846983.3580217587,2024,3690.627413625873,30649.0,7485.0,23131.0,15.48325084406808
CUB,Cuba,Cuba,2014,2522.0,1663428.6689048957,2014,151.6145565568698,0.0,0.0,2522.0,1.4632093816141103
CUB,Cuba,Cuba,2015,1691.0,1661718.4489453605,2015,101.76212468924707,2522.0,0.0,2106.5,1.9482297909985753
CUB,Cuba,Cuba,2016,1836.0,1660005.9734195275,2016,110.6020116432433,1691.0,2522.0,2016.3333333333333,3.376312090569936
CUB,Cuba,Cuba,2017,1248.0,1657052.1718611524,2017,75.31446632716958,1836.0,1691.0,1591.6666666666667,2.681138528775975
CUB,Cuba,Cuba,2018,2128.0,1653804.3823503095,2018,128.67301735987576,1248.0,1836.0,1737.3333333333333,2.8238466866877725
CUB,Cuba,Cuba,2019,3259.0,1650285.9008421984,2019,197.480933354446,2128.0,1248.0,2211.6666666666665,2.271917515398986
CUB,Cuba,Cuba,2020,1418.0,1646403.2752790174,2020,86.12713672837478,3259.0,2128.0,2268.333333333333,3.3960379715910927
CUB,Cuba,Cuba,2021,1160.0,1638172.172089199,2021,70.81062783044501,1418.0,3259.0,1945.6666666666667,4.167417264021831
CUB,Cuba,Cuba,2022,3036.0,1628880.0226244605,2022,186.38573485040232,1160.0,1418.0,1871.3333333333333,2.2017848214724576
CUB,Cuba,Cuba,2024,985.0,1824277.978954615,2024,53.99396426220333,3036.0,1160.0,1727.0,3.3264594728524752
CUW,Curaçao,Curaçao,2014,194.0,27300.96517351453,2014,710.5975879131375,0.0,0.0,194.0,0.740255797364442
CUW,Curaçao,Curaçao,2015,0.0,27570.94205675744,2015,0.0,194.0,0.0,97.0,0.5382826701194878
CUW,Curaçao,Curaçao,2016,0.0,27770.52631963912,2016,0.0,0.0,194.0,64.66666666666667,0.29818676943799677
CUW,Curaçao,Curaçao,2017,0.0,27895.75397586008,2017,0.0,0.0,0.0,0.0,0.17636080627970238
CUW,Curaçao,Curaçao,2018,0.0,30081.226664168764,2018,0.0,0.0,0.0,0.0,0.17636080627970238
CUW,Curaçao,Curaçao,2019,0.0,31420.6957446097,2019,0.0,0.0,0.0,0.0,0.17636080627970238
CUW,Curaçao,Curaçao,2020,0.0,30679.218072167383,2020,0.0,0.0,0.0,0.0,0.17636080627970238
CUW,Curaçao,Curaçao,2024,262.0,30901.771943582247,2024,847.847820760365,0.0,0.0,87.33333333333333,0.6061661680288497
CYM,Cayman Islands ,Islas Caimán,2014,124.0,9941.553118843569,2014,1247.2900211634546,0.0,0.0,124.0,0.9427631793032221
CYM,Cayman Islands ,Islas Caimán,2015,40.0,10185.442469856443,2015,392.7173524211537,124.0,0.0,82.0,0.6402459992789088
CYM,Cayman Islands ,Islas Caimán,2016,150.0,10426.450495847628,2016,1438.6487526098938,40.0,124.0,104.66666666666669,1.3877353988257297
CYM,Cayman Islands ,Islas Caimán,2017,31.0,10664.8770976322,2017,290.6737669474182,150.0,40.0,73.66666666666667,0.5948638390231498
CYM,Cayman Islands ,Islas Caimán,2018,24.0,10900.38716716687,2018,220.17566561571837,31.0,150.0,68.33333333333333,0.12305795504939343
CYM,Cayman Islands ,Islas Caimán,2019,133.0,11135.7881381137,2019,1194.347435048535,24.0,31.0,62.66666666666666,1.172281130102679
CYM,Cayman Islands ,Islas Caimán,2020,35.0,11368.776441266022,2020,307.8607463240997,133.0,24.0,64.0,0.8946081947928475
CYM,Cayman Islands ,Islas Caimán,2021,1.0,11610.045244281902,2021,8.61323086137423,35.0,133.0,56.333333333333336,0.48342669231376095
CYM,Cayman Islands ,Islas Caimán,2022,2.0,11860.554907085318,2022,16.86261743795166,1.0,35.0,12.666666666666666,0.31892184727258005
CYM,Cayman Islands ,Islas Caimán,2023,42.0,12105.06323759683,2023,346.9622518745147,2.0,1.0,15.0,0.41855285672146225
CYM,Cayman Islands ,Islas Caimán,2024,9.0,12342.871733776889,2024,72.91658046944659,42.0,2.0,17.666666666666668,0.2234604358296256
DMA,Dominica,Dominica,2014,189.0,10949.517579965272,2014,1726.1034435509755,0.0,0.0,189.0,1.5636918529013637
DMA,Dominica,Dominica,2015,38.0,10966.351565686424,2015,346.5145155377065,189.0,0.0,113.5,0.8558062761218281
DMA,Dominica,Dominica,2016,351.0,10862.673489134031,2016,3231.248737717344,38.0,189.0,192.66666666666663,4.284076286175193
DMA,Dominica,Dominica,2017,33.0,10708.87340969536,2017,308.15566434955895,351.0,38.0,140.66666666666666,1.2784922916038788
DMA,Dominica,Dominica,2018,45.0,10663.147712324497,2018,422.0142233234646,33.0,351.0,143.0,0.6255350198093256
DMA,Dominica,Dominica,2019,1066.0,10622.08821743539,2019,10035.691458956611,45.0,33.0,381.3333333333333,16.636752412382762
DMA,Dominica,Dominica,2020,88.0,10580.41354278741,2020,831.7255241879365,1066.0,45.0,399.6666666666667,1.629154089502683
DMA,Dominica,Dominica,2021,0.0,10528.591619224197,2021,0.0,88.0,1066.0,384.6666666666667,1.8698236430573394
DMA,Dominica,Dominica,2022,3.0,10475.702867742006,2022,28.63769656199344,0.0,88.0,30.33333333333333,0.3394678231459652
DMA,Dominica,Dominica,2023,419.0,10997.347196783474,2023,3810.0097460099287,3.0,0.0,140.66666666666666,5.275958335548577
DOM,Dominican Republic,República Dominicana,2014,6274.0,1366174.9719756716,2014,459.23839396113055,0.0,0.0,6274.0,2.1818292910574506
DOM,Dominican Republic,República Dominicana,2015,17048.0,1382660.9770065122,2015,1232.9848229975544,6274.0,0.0,11661.0,4.675322274783248
DOM,Dominican Republic,República Dominicana,2016,6645.0,1398766.7211991097,2016,475.0613450614191,17048.0,6274.0,9989.0,7.1460701957886235
DOM,Dominican Republic,República Dominicana,2017,1363.0,1393908.4413318452,2017,97.78260605823486,6645.0,17048.0,8352.0,9.37580038081742
DOM,Dominican Republic,República Dominicana,2018,1558.0,1409700.4519875776,2018,110.51993335203451,1363.0,6645.0,3188.6666666666665,6.1958148042071715
DOM,Dominican Republic,República Dominicana,2019,20183.0,1425230.5824117605,2019,1416.1217313935642,1558.0,1363.0,7701.333333333333,3.602176022145791
DOM,Dominican Republic,República Dominicana,2020,3964.0,1441151.419776674,2020,275.0578423337553,20183.0,1558.0,8568.333333333334,7.205739868025789
DOM,Dominican Republic,República Dominicana,2021,3746.0,1457168.0382890473,2021,257.07398883099404,3964.0,20183.0,9297.666666666666,9.792238390772454
DOM,Dominican Republic,República Dominicana,2022,10784.0,1494138.331033654,2022,721.7537878530674,3746.0,3964.0,6164.666666666667,5.47203719923554
DOM,Dominican Republic,República Dominicana,2023,27972.0,1773201.8875014524,2023,1577.4853499290043,10784.0,3746.0,14167.333333333334,6.917865936486424
DOM,Dominican Republic,República Dominicana,2024,10251.0,1854781.158451406,2024,552.6797570317549,27972.0,10784.0,16335.666666666666,10.85935157797001
ECU,Ecuador,Ecuador,2014,15531.0,2123466.918370982,2014,731.3982556372769,0.0,0.0,15531.0,3.850848529453334
ECU,Ecuador,Ecuador,2015,42473.0,2124167.585572952,2015,1999.5126697380492,15531.0,0.0,29002.0,9.257570082320745
ECU,Ecuador,Ecuador,2016,14159.0,2157414.5830048434,2016,656.2948128532332,42473.0,15531.0,24054.33333333333,13.76843501287834
ECU,Ecuador,Ecuador,2017,11387.0,2192849.7827699464,2017,519.2786158665306,14159.0,42473.0,22673.0,16.167249108123517
ECU,Ecuador,Ecuador,2018,3072.0,2233647.3842007364,2018,137.5328989584115,11387.0,14159.0,9539.333333333334,8.451180341531456
ECU,Ecuador,Ecuador,2019,8416.0,2275165.2331021875,2019,369.9071995981929,3072.0,11387.0,7625.0,6.812685832917988
ECU,Ecuador,Ecuador,2020,16407.0,2305135.273958012,2020,711.7586627282184,8416.0,3072.0,9298.333333333334,6.151678309341755
ECU,Ecuador,Ecuador,2021,20592.0,2325663.905223387,2021,885.424585803256,16407.0,8416.0,15138.333333333334,7.6605702964083235
ECU,Ecuador,Ecuador,2022,16017.0,2347105.5282712667,2022,682.414991872868,20592.0,16407.0,17672.0,9.80115769811218
ECU,Ecuador,Ecuador,2023,27838.0,2779080.300888692,2023,1001.6982953352584,16017.0,20592.0,21482.33333333333,10.840388312718678
ECU,Ecuador,Ecuador,2024,61329.0,2959307.41418432,2024,2072.4105818152807,27838.0,16017.0,35061.333333333336,14.370614961918497
GLP,Guadeloupe,Guadalupe,2014,1397.0,65689.4315428341,2014,2126.6739065766737,0.0,0.0,1397.0,2.9996881321838518
GLP,Guadeloupe,Guadalupe,2015,201.0,65352.82486254435,2015,307.561303467387,1397.0,0.0,799.0,1.6798638674945778
GLP,Guadeloupe,Guadalupe,2016,177.0,65572.96130162697,2016,269.9283309561442,201.0,1397.0,591.6666666666666,1.6950859913600862
GLP,Guadeloupe,Guadalupe,2017,540.0,67020.61706471226,2017,805.7222145218373,177.0,201.0,306.0,1.023618288027038
GLP,Guadeloupe,Guadalupe,2018,438.0,67574.7317010483,2018,648.1712749341264,540.0,177.0,385.0,1.4539044205405276
GLP,Guadeloupe,Guadalupe,2019,3230.0,66884.5794230653,2019,4829.214787416496,438.0,540.0,1402.6666666666667,7.758293937212955
GLP,Guadeloupe,Guadalupe,2020,19407.0,66507.5960266577,2020,29180.12551862685,3230.0,438.0,7691.666666666667,47.47324060998387
GLP,Guadeloupe,Guadalupe,2021,540.0,65255.371004011424,2021,827.5180903757404,19407.0,3230.0,7725.666666666667,7.577617229764913
GLP,Guadeloupe,Guadalupe,2022,790.0,62997.43685469134,2022,1254.0192735494916,540.0,19407.0,6912.333333333333,9.740777867587989
GLP,Guadeloupe,Guadalupe,2023,11751.0,62862.35382315554,2023,18693.22302670677,790.0,540.0,4360.333333333333,29.842683130820408
GLP,Guadeloupe,Guadalupe,2024,11025.0,62696.13481510087,2024,17584.816085575563,11751.0,790.0,7855.333333333333,31.347653858409373
GRD,Grenada,Granada,2014,39.0,17426.738848430774,2014,223.7940233063849,0.0,0.0,39.0,0.000910260116166117
GRD,Grenada,Granada,2015,25.0,17515.926762638115,2015,142.72724668685865,39.0,0.0,32.0,0.27384262014209193
GRD,Grenada,Granada,2016,151.0,17590.35042427302,2016,858.4251953936875,25.0,39.0,71.66666666666667,0.6427620639602385
GRD,Grenada,Granada,2017,239.0,17643.328283043178,2017,1354.619696271822,151.0,25.0,138.33333333333334,1.4759369021549342
GRD,Grenada,Granada,2018,463.0,17393.57927405564,2018,2661.9018012618794,239.0,151.0,284.3333333333333,4.122909462401749
GRD,Grenada,Granada,2019,106.0,18051.382924544443,2019,587.2126276589697,463.0,239.0,269.3333333333333,1.47728120976217
GRD,Grenada,Granada,2020,253.0,18127.801313777654,2020,1395.6463645026415,106.0,463.0,274.0,1.7632542775854787
GRD,Grenada,Granada,2021,230.0,18204.33991551972,2021,1263.4349889496318,253.0,106.0,196.33333333333331,1.409405477703951
GRD,Grenada,Granada,2022,293.0,18266.51744178484,2022,1604.0277022360026,230.0,253.0,258.6666666666667,2.2121657935007324
GRD,Grenada,Granada,2023,635.0,19316.16073562267,2023,3287.4027540521515,293.0,230.0,386.0,4.695067776788104
GRD,Grenada,Granada,2024,798.0,19364.707337060656,2024,4120.8988398847005,635.0,293.0,575.3333333333334,6.685544341294276
GTM,Guatemala,Guatemala,2014,19863.0,2107680.7367204605,2014,942.4102832057343,0.0,0.0,19863.0,4.28694629266115
GTM,Guatemala,Guatemala,2015,18685.0,2217684.9178326377,2015,842.5452980155994,19863.0,0.0,19274.0,7.392647048065974
GTM,Guatemala,Guatemala,2016,9070.0,2261717.5913368477,2016,401.0226579455015,18685.0,19863.0,15872.666666666666,11.047340891368018
GTM,Guatemala,Guatemala,2017,4241.0,2305916.585298564,2017,183.9181879795052,9070.0,18685.0,10665.333333333334,9.649131187853976
GTM,Guatemala,Guatemala,2018,7592.0,2347036.4527591825,2018,323.4717548197781,4241.0,9070.0,6967.666666666667,6.149854221657917
GTM,Guatemala,Guatemala,2019,50886.0,2385165.847797382,2019,2133.4365510470248,7592.0,4241.0,20906.33333333333,8.563433143155178
GTM,Guatemala,Guatemala,2020,6075.0,2422615.5584345115,2020,250.76203192245868,50886.0,7592.0,21517.666666666668,14.023505655127137
GTM,Guatemala,Guatemala,2021,2959.0,2458222.651657878,2021,120.37152118846464,6075.0,50886.0,19973.33333333333,18.65404044894945
GTM,Guatemala,Guatemala,2022,8553.0,2495352.245589484,2022,342.7572205534253,2959.0,6075.0,5862.333333333333,5.956947625199584
GTM,Guatemala,Guatemala,2023,72358.0,2804116.1906921538,2023,2580.420891266261,8553.0,2959.0,27956.666666666668,9.429992903621109
GTM,Guatemala,Guatemala,2024,188585.0,2955174.351996448,2024,6381.518568357779,72358.0,8553.0,89832.0,28.883410242261146
GUF,French Guiana,Guayana Francesa,2014,1180.0,39235.2630335386,2014,3007.4986345607704,0.0,0.0,1180.0,4.0612240401728155
GUF,French Guiana,Guayana Francesa,2015,2603.0,40160.26705762692,2015,6481.530604029335,1180.0,0.0,1891.5,10.574941568591981
GUF,French Guiana,Guayana Francesa,2016,522.0,40995.3716226504,2016,1273.3144726796163,2603.0,1180.0,1435.0,3.191441268073954
GUF,French Guiana,Guayana Francesa,2017,625.0,41845.83887881559,2017,1493.5774183186595,522.0,2603.0,1250.0,4.1260775234046285
GUF,French Guiana,Guayana Francesa,2018,240.0,43457.71162473608,2018,552.2610165773024,625.0,522.0,462.3333333333333,2.0008734324570865
GUF,French Guiana,Guayana Francesa,2019,250.0,44247.593450629895,2019,565.0024792397859,240.0,625.0,371.6666666666667,1.7639569428932007
GUF,French Guiana,Guayana Francesa,2020,8759.0,44038.668654032525,2020,19889.33877363697,250.0,240.0,3083.0,30.557629867168966
GUF,French Guiana,Guayana Francesa,2021,1756.0,44675.11010460958,2021,3930.6002735935417,8759.0,250.0,3588.333333333333,9.888336552612872
GUF,French Guiana,Guayana Francesa,2023,2684.0,48840.33488478112,2023,5495.457814390104,1756.0,8759.0,4399.666666666667,13.410289754453071
GUF,French Guiana,Guayana Francesa,2024,16141.0,49689.461312594605,2024,32483.74921687629,2684.0,1756.0,6860.333333333333,52.860366001036276
GUY,Guyana,Guyana,2014,863.0,106086.87961084486,2014,813.484196316939,0.0,0.0,863.0,0.9169930044691461
GUY,Guyana,Guyana,2015,388.0,106755.11947403631,2015,363.4486120306058,863.0,0.0,625.5,1.6198798683077837
GUY,Guyana,Guyana,2016,303.0,107441.07022259012,2016,282.0150612538225,388.0,863.0,518.0,1.6847976095680064
GUY,Guyana,Guyana,2017,4.0,108142.97316737876,2017,3.698807128049811,303.0,388.0,231.66666666666663,0.9991132607181905
GUY,Guyana,Guyana,2018,286.0,113282.9562176126,2018,252.46516294172625,4.0,303.0,197.66666666666663,0.5059294170442838
GUY,Guyana,Guyana,2019,230.0,113800.79088845052,2019,202.10755848388604,286.0,4.0,173.33333333333334,0.6926203641343492
GUY,Guyana,Guyana,2020,1724.0,113738.60116455807,2020,1515.75628884841,230.0,286.0,746.6666666666666,2.1746235613587666
GUY,Guyana,Guyana,2021,4380.0,114867.74320240668,2021,3813.080920621963,1724.0,230.0,2111.333333333333,6.1437488140854155
GUY,Guyana,Guyana,2022,382.0,121514.52176743836,2022,314.36571896410385,4380.0,1724.0,2162.0,4.084438896950651
GUY,Guyana,Guyana,2023,27438.0,128663.07091352112,2023,21325.466433520796,382.0,4380.0,10733.333333333334,36.21992541975638
GUY,Guyana,Guyana,2024,45839.0,134148.79293247842,2024,34170.26646156429,27438.0,382.0,24553.0,57.47233241307123
HND,Honduras,Honduras,2014,42753.0,1166546.676272423,2014,3664.9197901461353,0.0,0.0,42753.0,12.400731603376768
HND,Honduras,Honduras,2015,44834.0,1190748.776986556,2015,3765.193873510583,42753.0,0.0,43793.5,17.434004160654528
HND,Honduras,Honduras,2016,22961.0,1215091.115922608,2016,1889.6525288612547,44834.0,42753.0,36849.333333333336,20.544000795163036
HND,Honduras,Honduras,2017,5217.0,1239492.8500226228,2017,420.89795031127295,22961.0,44834.0,24337.33333333333,16.802442146893316
HND,Honduras,Honduras,2018,7942.0,1264009.9426599564,2018,628.3178424441045,5217.0,22961.0,12040.0,10.18197452268396
HND,Honduras,Honduras,2019,132143.0,1288665.6760798455,2019,10254.249993061228,7942.0,5217.0,48434.0,24.40766417049109
HND,Honduras,Honduras,2020,25180.0,1352678.689225312,2020,1861.4915870686743,132143.0,7942.0,55088.333333333336,28.726377383975812
HND,Honduras,Honduras,2021,19753.0,1356112.1901766912,2021,1456.590401818181,25180.0,132143.0,59025.333333333336,35.54530197594426
HND,Honduras,Honduras,2022,25337.0,1401096.258497878,2022,1808.369685260877,19753.0,25180.0,23423.33333333333,13.054915610742725
HND,Honduras,Honduras,2023,34050.0,1623208.2755047695,2023,2097.6975360362467,25337.0,19753.0,26380.0,14.41039415059913
HND,Honduras,Honduras,2024,177209.0,1742068.9200711665,2024,10172.330035757754,34050.0,25337.0,78865.33333333333,32.94632953936706
HTI,Haiti,Haití,2015,130.0,1540071.878798694,2015,8.441164454051602,0.0,0.0,130.0,0.370411434725259
HTI,Haiti,Haití,2018,90.0,1607789.3548011149,2018,5.5977482206388345,130.0,0.0,110.0,0.6856218106148732
HTI,Haiti,Haití,2019,93.0,1629935.2321013198,2019,5.70574818976727,90.0,130.0,104.33333333333331,0.6994119295679965
HTI,Haiti,Haití,2020,1783.0,1651481.950648683,2020,107.96363831282918,93.0,90.0,655.3333333333334,0.6857332245296655
HTI,Haiti,Haití,2021,6298.0,1671895.1847480217,2021,376.698255814954,1783.0,93.0,2724.6666666666665,2.1008116318782024
HTI,Haiti,Haití,2022,3316.0,1692122.138594793,2022,195.96694141439116,6298.0,1783.0,3799.0,4.762164246174353
JAM,Jamaica,Jamaica,2014,880.0,417725.02790364606,2014,210.66489705351916,0.0,0.0,880.0,0.46673828331819606
JAM,Jamaica,Jamaica,2015,88.0,419528.81916762725,2015,20.97591297174716,880.0,0.0,484.0,1.5582474646062932
JAM,Jamaica,Jamaica,2016,2297.0,421139.701406061,2016,545.4247111661513,88.0,880.0,1088.3333333333333,2.098058837982205
JAM,Jamaica,Jamaica,2017,215.0,422534.1297005042,2017,50.883463580183175,2297.0,88.0,866.6666666666666,2.0648025613696577
JAM,Jamaica,Jamaica,2018,986.0,416762.6921804153,2018,236.5854762194413,215.0,2297.0,1166.0,2.808191855480414
JAM,Jamaica,Jamaica,2019,7555.0,424712.89848025446,2019,1778.848729820539,986.0,215.0,2918.6666666666665,3.2711116166284637
JAM,Jamaica,Jamaica,2020,898.0,433605.2026485908,2020,207.10083608654747,7555.0,986.0,3146.333333333333,4.492156318293764
JAM,Jamaica,Jamaica,2021,96.0,420918.7997846413,2021,22.80724929585407,898.0,7555.0,2849.6666666666665,6.974883872258033
JAM,Jamaica,Jamaica,2022,100.0,435887.29568485246,2022,22.941710159935525,96.0,898.0,364.6666666666667,1.9467710341001117
JAM,Jamaica,Jamaica,2023,8180.0,459833.03324277553,2023,1778.9065614347132,100.0,96.0,2792.0,2.714266948171567
JAM,Jamaica,Jamaica,2024,2034.0,468576.8807574453,2024,434.08031499805946,8180.0,100.0,3438.0,4.800910401660963
KNA,Saint Kitts and Nevis,Saint Kitts y Nevis,2014,75.0,7210.453629626098,2014,1040.1564707640894,0.0,0.0,75.0,0.8449848582418212
KNA,Saint Kitts and Nevis,Saint Kitts y Nevis,2015,5.0,7221.068320133221,2015,69.24183207157019,75.0,0.0,40.0,0.278439503801513
KNA,Saint Kitts and Nevis,Saint Kitts y Nevis,2016,136.0,7229.337117687151,2016,1881.2236555861407,5.0,75.0,72.0,2.0386495526027884
KNA,Saint Kitts and Nevis,Saint Kitts y Nevis,2017,10.0,7232.681870435116,2017,138.2613002913455,136.0,5.0,50.333333333333336,0.37143596198379825
KNA,Saint Kitts and Nevis,Saint Kitts y Nevis,2018,6.0,7233.634754233303,2018,82.94585231150427,10.0,136.0,50.66666666666666,0.10385423069322343
KNA,Saint Kitts and Nevis,Saint Kitts y Nevis,2019,46.0,7230.177527404899,2019,636.222275672263,6.0,10.0,20.666666666666668,0.6367468965980511
KNA,Saint Kitts and Nevis,Saint Kitts y Nevis,2020,20.0,7218.493706757666,2020,277.0661139633162,46.0,6.0,24.0,0.3037824494710121
KNA,Saint Kitts and Nevis,Saint Kitts y Nevis,2021,0.0,7203.376463800052,2021,0.0,20.0,46.0,22.0,0.21146356784387366
KNA,Saint Kitts and Nevis,Saint Kitts y Nevis,2022,1.0,7200.2365634118005,2022,13.888432570139813,0.0,20.0,7.0,0.4466295560048507
KNA,Saint Kitts and Nevis,Saint Kitts y Nevis,2023,286.0,7594.444357468298,2023,3765.9107966042384,1.0,0.0,95.66666666666669,5.272796802177035
KNA,Saint Kitts and Nevis,Saint Kitts y Nevis,2024,253.0,7750.820629769754,2024,3264.170493486386,286.0,1.0,180.0,4.6073749532399475
LCA,Saint Lucia,Santa Lucía,2014,167.0,26644.573988034062,2014,626.769262946365,0.0,0.0,167.0,0.6881804301354589
LCA,Saint Lucia,Santa Lucía,2015,25.0,25911.235314014804,2015,96.483242489323,167.0,0.0,96.0,0.3466504589063934
LCA,Saint Lucia,Santa Lucía,2016,196.0,26932.656781827893,2016,727.7410527588421,25.0,167.0,129.33333333333334,0.8091797958461682
LCA,Saint Lucia,Santa Lucía,2017,66.0,27068.09409412752,2017,243.8295055813288,196.0,25.0,95.66666666666669,0.5361675632076122
LCA,Saint Lucia,Santa Lucía,2018,90.0,27197.761127661717,2018,330.90959060032606,66.0,196.0,117.33333333333331,0.7348965268085829
LCA,Saint Lucia,Santa Lucía,2019,20.0,27323.059511802967,2019,73.19824484282383,90.0,66.0,58.66666666666666,0.37312997652637725
LCA,Saint Lucia,Santa Lucía,2020,1318.0,27436.709677500512,2020,4803.783017323052,20.0,90.0,476.0,7.216151479313724
LCA,Saint Lucia,Santa Lucía,2021,39.0,27490.59966846188,2021,141.86667613781478,1318.0,20.0,459.0,1.470640366967528
LCA,Saint Lucia,Santa Lucía,2022,15.0,27540.159082807328,2022,54.46591631841425,39.0,1318.0,457.3333333333333,1.686415417361225
LCA,Saint Lucia,Santa Lucía,2023,60.0,29107.80225364324,2023,206.13029962607428,15.0,39.0,38.0,0.15693256536993797
LCA,Saint Lucia,Santa Lucía,2024,432.0,29731.16350269874,2024,1453.0208343874156,60.0,15.0,169.0,1.4575462659754863
MEX,Mexico,México,2014,124943.0,16670884.721005851,2014,749.4683221135095,0.0,0.0,124943.0,22.43437487632821
MEX,Mexico,México,2015,219593.0,17129236.347725864,2015,1281.9777574565016,124943.0,0.0,172268.0,37.68145138586703
MEX,Mexico,México,2016,130069.0,16774621.823717017,2016,775.391549013047,219593.0,124943.0,158201.66666666666,51.884206881233034
MEX,Mexico,México,2017,89893.0,17481150.50400298,2017,514.2281681026403,130069.0,219593.0,146518.33333333334,54.16357949534085
MEX,Mexico,México,2018,78621.0,17116143.15297186,2018,459.33829424854457,89893.0,130069.0,99527.66666666669,38.93872741964413
MEX,Mexico,México,2019,268458.0,17841491.824377965,2019,1504.6835917229116,78621.0,89893.0,145657.33333333334,38.711296838027586
MEX,Mexico,México,2020,120639.0,17448782.621221535,2020,691.3892081690365,268458.0,78621.0,155906.0,51.28789365331531
MEX,Mexico,México,2021,36742.0,18137113.56491836,2021,202.5790921388289,120639.0,268458.0,141946.33333333334,56.34737701164736
MEX,Mexico,México,2022,59918.0,17727834.747521546,2022,337.98825887846726,36742.0,120639.0,72433.0,34.28788454366998
MEX,Mexico,México,2023,277963.0,20414209.256271336,2023,1361.6153166187837,59918.0,36742.0,124874.33333333331,31.307641206976275
MEX,Mexico,México,2024,558846.0,21361042.90024308,2024,2616.1924893359983,277963.0,59918.0,298909.0,58.3768696879042
MSR,Montserrat,Montserrat,2014,17.0,780.8283932547738,2014,2177.1749268924355,0.0,0.0,17.0,2.7107507678839164
MSR,Montserrat,Montserrat,2015,0.0,774.8777163373899,2015,0.0,17.0,0.0,8.5,0.17636080627970238
MSR,Montserrat,Montserrat,2016,25.0,769.4669662231543,2016,3249.0023740343017,0.0,17.0,14.0,4.17762994236147
MSR,Montserrat,Montserrat,2017,0.0,764.2162512206382,2017,0.0,25.0,0.0,8.333333333333334,0.21268305746193858
MSR,Montserrat,Montserrat,2018,1.0,759.2144480394453,2018,131.71509085243918,0.0,25.0,8.666666666666666,0.19634005644782615
MSR,Montserrat,Montserrat,2019,1.0,755.3360067765228,2019,132.3914113756614,1.0,0.0,0.6666666666666666,0.11234542425652731
MSR,Montserrat,Montserrat,2020,0.0,751.592263994802,2020,0.0,1.0,1.0,0.6666666666666666,0.17636080627970238
MSR,Montserrat,Montserrat,2021,3.0,747.9522681369087,2021,401.0951136591601,0.0,1.0,1.3333333333333333,0.38361447094509915
MSR,Montserrat,Montserrat,2022,9.0,743.8671390947084,2022,1209.8934778800774,3.0,0.0,4.0,0.9848386667468761
MSR,Montserrat,Montserrat,2023,6.0,738.5100792900644,2023,812.4465959581551,9.0,3.0,6.0,0.5718532768638751
MSR,Montserrat,Montserrat,2024,3.0,733.421359044225,2024,409.0418097326098,6.0,9.0,6.0,0.38361447094509915
MTQ,Martinique,Martinica,2014,1680.0,62861.18166929066,2014,2672.555550798251,0.0,0.0,1680.0,3.948602167210496
MTQ,Martinique,Martinica,2015,207.0,62383.3510835503,2015,331.81930179217846,1680.0,0.0,943.5,1.5694012940995976
MTQ,Martinique,Martinica,2016,158.0,61680.65323536717,2016,256.1581171929031,207.0,1680.0,681.6666666666666,1.9775155461675058
MTQ,Martinique,Martinica,2017,113.0,60618.85490846229,2017,186.41064759576216,158.0,207.0,159.33333333333334,0.6123901006232435
MTQ,Martinique,Martinica,2018,73.0,59555.37568663309,2018,122.57499706510036,113.0,158.0,114.66666666666669,0.4286596909309936
MTQ,Martinique,Martinica,2019,1530.0,58914.58243113897,2019,2596.9801310028924,73.0,113.0,572.0,3.577281181206242
MTQ,Martinique,Martinica,2020,32398.0,58495.263324756925,2020,55385.68109375142,1530.0,73.0,11333.666666666666,62.39303832431829
MTQ,Martinique,Martinica,2021,1073.0,57987.36213027919,2021,1850.4031923185432,32398.0,1530.0,11667.0,10.473006398356802
MTQ,Martinique,Martinica,2022,360.0,57397.27955275683,2022,627.2074265629702,1073.0,32398.0,11277.0,13.804736814298126
MTQ,Martinique,Martinica,2023,13239.0,57914.180682639686,2023,22859.686252918906,360.0,1073.0,4890.666666666667,35.881580446724115
MTQ,Martinique,Martinica,2024,7371.0,57509.84298314908,2024,12816.936401929965,13239.0,360.0,6990.0,23.559316911247468
NIC,Nicaragua,Nicaragua,2014,35425.0,823394.2032445746,2014,4302.313504322502,0.0,0.0,35425.0,12.686737703274249
NIC,Nicaragua,Nicaragua,2015,49326.0,861752.2533561529,2015,5723.918888276362,35425.0,0.0,42375.5,18.985236183541165
NIC,Nicaragua,Nicaragua,2016,88463.0,860374.6941980073,2016,10281.915611483691,49326.0,35425.0,57738.0,32.045120323975326
NIC,Nicaragua,Nicaragua,2017,64712.0,886336.7522942182,2017,7301.06247230499,88463.0,49326.0,67500.33333333333,33.019792837130495
NIC,Nicaragua,Nicaragua,2018,58746.0,898709.090491413,2018,6536.709222322182,64712.0,88463.0,70640.33333333333,35.676033451635455
NIC,Nicaragua,Nicaragua,2019,186173.0,911094.3303201874,2019,20433.998303399923,58746.0,64712.0,103210.33333333331,55.54446042111812
NIC,Nicaragua,Nicaragua,2020,53953.0,923212.8293587684,2020,5844.047903610036,186173.0,58746.0,99624.0,43.20658425551509
NIC,Nicaragua,Nicaragua,2021,36741.0,981794.090397808,2021,3742.230714091292,53953.0,186173.0,92289.0,46.0116467743355
NIC,Nicaragua,Nicaragua,2022,97541.0,995300.6455168008,2022,9800.154399513398,36741.0,53953.0,62745.0,33.756030234615025
NIC,Nicaragua,Nicaragua,2023,181096.0,1063137.5239171751,2023,17034.1085631842,97541.0,36741.0,105126.0,51.16033204953988
NIC,Nicaragua,Nicaragua,2024,92022.0,1117805.9157452828,2024,8232.377258322658,181096.0,97541.0,123553.0,50.95609810242459
PAN,Panama,Panamá,2014,5517.0,549868.9931299691,2014,1003.3298965624672,0.0,0.0,5517.0,2.5674772798300385
PAN,Panama,Panamá,2015,4815.0,559765.7297904462,2015,860.1812765141128,5517.0,0.0,5166.0,4.19113116719151
PAN,Panama,Panamá,2016,9526.0,569808.1832424283,2016,1671.790662217834,4815.0,5517.0,6619.333333333333,6.928539043753947
PAN,Panama,Panamá,2017,10702.0,579936.2426821318,2017,1845.3752692717744,9526.0,4815.0,8347.666666666666,7.698426666192881
PAN,Panama,Panamá,2018,7944.0,590034.7188277991,2018,1346.361450692607,10702.0,9526.0,9390.666666666666,7.537612123938834
PAN,Panama,Panamá,2019,9661.0,599855.5014910159,2019,1610.5545378822694,7944.0,10702.0,9435.666666666666,8.30416929778136
PAN,Panama,Panamá,2020,3987.0,628430.4741058138,2020,634.4377245029459,9661.0,7944.0,7197.333333333333,6.657787508603089
PAN,Panama,Panamá,2021,3685.0,616192.718343798,2021,598.0271902440746,3987.0,9661.0,5777.666666666667,6.601172147936656
PAN,Panama,Panamá,2022,11924.0,678321.2717210636,2022,1757.8690949416866,3685.0,3987.0,6532.0,6.021142287198747
PAN,Panama,Panamá,2023,20924.0,687876.6068935236,2023,3041.8246223684746,11924.0,3685.0,12177.666666666666,9.59397634769507
PAN,Panama,Panamá,2024,37231.0,735373.2250214359,2024,5062.8713057801,20924.0,11924.0,23359.666666666668,16.347696485444914
PER,Peru,Perú,2014,19043.0,4004511.064840769,2014,475.5387035185332,0.0,0.0,19043.0,4.144112280985396
PER,Peru,Perú,2015,35837.0,4053243.154183636,2015,884.1561839933072,19043.0,0.0,27440.0,7.975485112503932
PER,Peru,Perú,2016,31868.0,4110770.128810865,2016,775.2318665704266,35837.0,19043.0,28916.0,13.293346794959472
PER,Peru,Perú,2017,76093.0,4175450.8867276968,2017,1822.3900140191597,31868.0,35837.0,47932.66666666666,18.011035702462216
PER,Peru,Perú,2018,6930.0,4256951.542598349,2018,162.79255074090136,76093.0,31868.0,38297.0,23.477903091130212
PER,Peru,Perú,2019,17143.0,4335738.166644042,2019,395.3882670287968,6930.0,76093.0,33388.666666666664,22.65571617193605
PER,Peru,Perú,2020,56394.0,4392097.040548281,2020,1283.9880239294564,17143.0,6930.0,26822.33333333333,8.838594902102164
PER,Peru,Perú,2021,49274.0,4438297.387178272,2021,1110.2005048680803,56394.0,17143.0,40937.0,17.491137131930557
PER,Peru,Perú,2022,72851.0,4484765.593023994,2022,1624.4104287929558,49274.0,56394.0,59506.333333333336,23.520083839754868
PER,Peru,Perú,2023,274227.0,5334657.682307732,2023,5140.4797895367765,72851.0,49274.0,132117.33333333334,36.80739356877072
PER,Peru,Perú,2024,280726.0,5594255.541866457,2024,5018.1118452508,274227.0,72851.0,209268.0,56.374755570761295
PRI,Puerto Rico,Puerto Rico,2014,8880.0,543264.6258293331,2014,1634.5625276897115,0.0,0.0,8880.0,3.278163693066454
PRI,Puerto Rico,Puerto Rico,2015,1867.0,537397.9634820515,2015,347.41478882853187,8880.0,0.0,5373.5,5.316578904472121
PRI,Puerto Rico,Puerto Rico,2016,168.0,531275.2225048512,2016,31.62202807198786,1867.0,8880.0,3638.3333333333335,7.188099139642235
PRI,Puerto Rico,Puerto Rico,2017,0.0,515986.2310305527,2017,0.0,168.0,1867.0,678.3333333333334,2.6105533633143154
PRI,Puerto Rico,Puerto Rico,2018,0.0,504252.2379827196,2018,0.0,0.0,168.0,56.0,0.26690264101488187
PRI,Puerto Rico,Puerto Rico,2019,37.0,505074.70817443647,2019,7.325648938893491,0.0,0.0,12.333333333333334,0.31926183791119866
PRI,Puerto Rico,Puerto Rico,2020,914.0,504149.0033557481,2020,181.29560782946632,37.0,0.0,317.0,0.336123694708229
PRI,Puerto Rico,Puerto Rico,2021,636.0,501487.5299354735,2021,126.82269488970827,914.0,37.0,529.0,1.3521228303796353
PRI,Puerto Rico,Puerto Rico,2022,1023.0,500336.6231306588,2022,204.46234648964565,636.0,914.0,857.6666666666666,1.7771219191211765
PRI,Puerto Rico,Puerto Rico,2023,1242.0,546684.6434309873,2023,227.18765103867207,1023.0,636.0,967.0,1.6930279530086396
PRI,Puerto Rico,Puerto Rico,2024,6088.0,547445.1537911816,2024,1112.0748732250568,1242.0,1023.0,2784.333333333333,2.9658942966808963
PRY,Paraguay,Paraguay,2014,10014.0,790680.3158586674,2014,1266.5042747554603,0.0,0.0,10014.0,2.733660482415267
PRY,Paraguay,Paraguay,2015,68652.0,802915.8623349937,2015,8550.3354984606,10014.0,0.0,39333.0,19.12253709756364
PRY,Paraguay,Paraguay,2016,70215.0,815144.9816516466,2016,8613.805099766472,68652.0,10014.0,49627.0,28.06165453573922
PRY,Paraguay,Paraguay,2017,1832.0,827162.199481993,2017,221.48014030951643,70215.0,68652.0,46899.66666666666,25.9085466615265
PRY,Paraguay,Paraguay,2018,32359.0,838979.0164666362,2018,3856.949859876123,1832.0,70215.0,34802.0,27.472995276377073
PRY,Paraguay,Paraguay,2019,11811.0,850626.9576686069,2019,1388.505254097697,32359.0,1832.0,15334.0,10.422257599025418
PRY,Paraguay,Paraguay,2020,223782.0,862336.0775715237,2020,25950.671184975337,11811.0,32359.0,89317.33333333333,55.169744634073936
PRY,Paraguay,Paraguay,2021,16897.0,885847.082335194,2021,1907.4398208162047,223782.0,11811.0,84163.33333333333,41.68133776093795
PRY,Paraguay,Paraguay,2022,7428.0,895949.9057556007,2022,829.0642090905279,16897.0,223782.0,82702.33333333333,46.96561720834887
PRY,Paraguay,Paraguay,2023,63216.0,1085410.3722471977,2023,5824.15661544856,7428.0,16897.0,29180.33333333333,17.950281278503564
PRY,Paraguay,Paraguay,2024,295785.0,1119300.9289046654,2024,26425.86925121662,63216.0,7428.0,122143.0,57.34884139142212
SLV,El Salvador,El Salvador,2014,53460.0,871553.8103671697,2014,6133.872557734362,0.0,0.0,53460.0,16.73701740564923
SLV,El Salvador,El Salvador,2015,50169.0,875431.0199274233,2015,5730.7770524466,53460.0,0.0,51814.5,21.005042593257965
SLV,El Salvador,El Salvador,2016,8789.0,878641.2096194975,2016,1000.294534763074,50169.0,53460.0,37472.66666666666,21.45669866234385
SLV,El Salvador,El Salvador,2017,4297.0,881106.2721930413,2017,487.68237562364914,8789.0,50169.0,21085.0,17.949326252203512
SLV,El Salvador,El Salvador,2018,8448.0,882520.293690675,2018,957.258440445681,4297.0,8789.0,7178.0,6.088510650206157
SLV,El Salvador,El Salvador,2019,27470.0,883287.243452996,2019,3109.9735905403472,8448.0,4297.0,13405.0,9.858171292612077
SLV,El Salvador,El Salvador,2020,5450.0,885490.2757639978,2020,615.478243992884,27470.0,8448.0,13789.333333333334,9.911905090401508
SLV,El Salvador,El Salvador,2021,5752.0,875176.9069232711,2021,657.2385485148881,5450.0,27470.0,12890.666666666666,12.230462542678595
SLV,El Salvador,El Salvador,2022,16542.0,879375.1393638356,2022,1881.10844388516,5752.0,5450.0,9248.0,7.755640477351662
SLV,El Salvador,El Salvador,2023,5788.0,1010708.7864904256,2023,572.6674267964158,16542.0,5752.0,9360.666666666666,7.6137566010272195
SLV,El Salvador,El Salvador,2024,8552.0,1034833.5429159004,2024,826.4131036864746,5788.0,16542.0,10294.0,8.030732867987926
SUR,Suriname,Suriname,2014,23.0,77341.4922347234,2014,29.738241835569177,0.0,0.0,23.0,0.21054357775090513
SUR,Suriname,Suriname,2015,15.0,78231.09031927197,2015,19.17396260078047,23.0,0.0,19.0,0.15817934958663443
SUR,Suriname,Suriname,2016,6.0,79111.69109510364,2016,7.584214061088818,15.0,23.0,14.666666666666666,0.3888402185886214
SUR,Suriname,Suriname,2017,1.0,79973.32490306925,2017,1.2504169374126166,6.0,15.0,7.333333333333333,0.17636080627970238
SUR,Suriname,Suriname,2018,123.0,80811.74266782886,2018,152.2056027248207,1.0,6.0,43.333333333333336,0.19719176487502188
SUR,Suriname,Suriname,2019,86.0,81712.4598798456,2019,105.24710689955856,123.0,1.0,70.0,0.32328179055111217
SUR,Suriname,Suriname,2020,563.0,82657.21838333341,2020,681.1262355684601,86.0,123.0,257.3333333333333,0.9922071410253418
SUR,Suriname,Suriname,2021,10.0,83468.17121822397,2021,11.980614711032096,563.0,86.0,219.66666666666663,1.1540679620539644
SUR,Suriname,Suriname,2022,17.0,82986.64950672684,2022,20.48522274492115,10.0,563.0,196.66666666666663,0.5624338135734619
SUR,Suriname,Suriname,2023,282.0,98523.69163145202,2023,286.2255720734446,17.0,10.0,103.0,0.2483375966616421
SUR,Suriname,Suriname,2024,95.0,103104.80897705704,2024,92.13925222550915,282.0,17.0,131.33333333333334,0.6040536190089582
SXM,Sint Maarten (Dutch part),Sint Maarten (Países Bajos),2014,31.0,6027.697297325273,2014,514.2925809123813,0.0,0.0,31.0,0.3479254206671259
SXM,Sint Maarten (Dutch part),Sint Maarten (Países Bajos),2015,13.0,6164.730166532125,2015,210.8770319028084,31.0,0.0,22.0,0.12702472522581484
SXM,Sint Maarten (Dutch part),Sint Maarten (Países Bajos),2016,11.0,6298.45105278477,2016,174.6461139066328,13.0,31.0,18.33333333333333,0.17122704497406208
SXM,Sint Maarten (Dutch part),Sint Maarten (Países Bajos),2017,0.0,6426.257128935579,2017,0.0,11.0,13.0,8.0,0.17636080627970238
SXM,Sint Maarten (Dutch part),Sint Maarten (Países Bajos),2018,29.0,6549.308220020181,2018,442.794857498868,0.0,11.0,13.333333333333334,0.3008085661377177
SXM,Sint Maarten (Dutch part),Sint Maarten (Países Bajos),2019,8.0,6667.867774879766,2019,119.97838394664709,29.0,0.0,12.333333333333334,0.03932815574335385
SXM,Sint Maarten (Dutch part),Sint Maarten (Países Bajos),2020,9.0,6780.461224176585,2020,132.73433329150782,8.0,29.0,15.333333333333334,0.14740879743712149
SXM,Sint Maarten (Dutch part),Sint Maarten (Países Bajos),2023,1.0,7106.10104398578,2023,14.072414588677232,9.0,8.0,6.0,0.28375300775824336
SXM,Sint Maarten (Dutch part),Sint Maarten (Países Bajos),2024,144.0,7218.785244148627,2024,1994.795455602768,1.0,9.0,51.333333333333336,2.352144579742715
TCA,Turks and Caicos Islands,Islas Turcas y Caicos,2014,252.0,5668.32395422482,2014,4445.758605807537,0.0,0.0,252.0,6.650226403537744
TCA,Turks and Caicos Islands,Islas Turcas y Caicos,2015,331.0,5927.538202274399,2015,5584.105723232541,252.0,0.0,291.5,8.476758643243409
TCA,Turks and Caicos Islands,Islas Turcas y Caicos,2016,484.0,5708.8094982532975,2016,8478.12490762019,331.0,252.0,355.6666666666667,13.322418892966793
TCA,Turks and Caicos Islands,Islas Turcas y Caicos,2017,210.0,5956.260878732731,2017,3525.7018501291723,484.0,331.0,341.6666666666667,5.686118865592295
TCA,Turks and Caicos Islands,Islas Turcas y Caicos,2018,2.0,6210.30817261321,2018,32.20452100621648,210.0,484.0,232.0,1.051571541452613
TCA,Turks and Caicos Islands,Islas Turcas y Caicos,2019,19.0,6457.650811086049,2019,294.22464230153344,2.0,210.0,77.0,0.6194414090309122
TCA,Turks and Caicos Islands,Islas Turcas y Caicos,2020,142.0,6643.997351873021,2020,2137.267558662836,19.0,2.0,54.333333333333336,2.5557204787646977
TCA,Turks and Caicos Islands,Islas Turcas y Caicos,2021,4.0,6772.454960224563,2021,59.06277743436432,142.0,19.0,55.0,0.5144086960600119
TCA,Turks and Caicos Islands,Islas Turcas y Caicos,2022,3.0,6861.91294039335,2022,43.71958703148497,4.0,142.0,49.66666666666666,0.30337204846555754
TCA,Turks and Caicos Islands,Islas Turcas y Caicos,2023,182.0,7663.969953719531,2023,2374.7483497331627,3.0,4.0,63.0,2.8488925888536216
TCA,Turks and Caicos Islands,Islas Turcas y Caicos,2024,117.0,7720.165639893389,2024,1515.5115247192507,182.0,3.0,100.66666666666669,1.800874297741197
TTO,Trinidad and Tobago,Trinidad y Tabago,2014,148.0,217850.09141481703,2014,67.93662515302199,0.0,0.0,148.0,0.1680934708208723
TTO,Trinidad and Tobago,Trinidad y Tabago,2015,1687.0,219141.01165600168,2015,769.8239536505296,148.0,0.0,917.5,1.1385289865383714
TTO,Trinidad and Tobago,Trinidad y Tabago,2016,1801.0,220420.34897682327,2016,817.0751967139709,1687.0,148.0,1212.0,1.7323961693590786
TTO,Trinidad and Tobago,Trinidad y Tabago,2017,300.0,221785.3063876912,2017,135.26594925796655,1801.0,1687.0,1262.6666666666667,2.233140414472849
TTO,Trinidad and Tobago,Trinidad y Tabago,2018,123.0,225832.5879377304,2018,54.46512441947272,300.0,1801.0,741.3333333333334,2.5267200137065635
TTO,Trinidad and Tobago,Trinidad y Tabago,2019,416.0,228206.94651558716,2019,182.2906823616721,123.0,300.0,279.6666666666667,0.6989801614331289
TTO,Trinidad and Tobago,Trinidad y Tabago,2020,59.0,227752.77338326053,2020,25.905282786925834,416.0,123.0,199.33333333333331,0.9330663066673384
TTO,Trinidad and Tobago,Trinidad y Tabago,2021,20.0,228946.75710638415,2021,8.73565550906958,59.0,416.0,165.0,0.8873209514758033
TTO,Trinidad and Tobago,Trinidad y Tabago,2022,52.0,230382.51439566747,2022,22.571157423298747,20.0,59.0,43.66666666666666,0.21868528943629778
TTO,Trinidad and Tobago,Trinidad y Tabago,2023,126.0,248495.40794908509,2023,50.70516233676901,52.0,20.0,66.0,0.4041151340203622
TTO,Trinidad and Tobago,Trinidad y Tabago,2024,2004.0,249511.722255076,2024,803.1686775626955,126.0,52.0,727.3333333333334,1.132242340492972
URY,Uruguay,Uruguay,2014,0.0,498447.8663991997,2014,0.0,0.0,0.0,0.0,0.17636080627970238
URY,Uruguay,Uruguay,2015,13.0,500375.1086357677,2015,2.598050897344484,0.0,0.0,6.5,0.22558410193548842
URY,Uruguay,Uruguay,2016,19.0,502239.6966127314,2016,3.783054212588573,13.0,0.0,10.666666666666666,0.19129444857585187
URY,Uruguay,Uruguay,2017,0.0,503792.75823534426,2017,0.0,19.0,13.0,10.666666666666666,0.142100712738689
URY,Uruguay,Uruguay,2018,0.0,504858.6130358213,2018,0.0,0.0,19.0,6.333333333333333,0.26941359166764667
URY,Uruguay,Uruguay,2019,0.0,505412.8842997429,2019,0.0,0.0,0.0,0.0,0.17636080627970238
URY,Uruguay,Uruguay,2020,4.0,505881.6421398895,2020,0.7906987854075749,0.0,0.0,1.3333333333333333,0.17636080627970238
URY,Uruguay,Uruguay,2021,52.0,505782.4216085445,2021,10.281100682507692,4.0,0.0,18.666666666666668,0.31926183791119866
URY,Uruguay,Uruguay,2022,80.0,497095.6075931359,2022,16.09348358303713,52.0,4.0,45.333333333333336,0.3513785786654036
URY,Uruguay,Uruguay,2023,48.0,550435.3770025949,2023,8.720369730118875,80.0,52.0,60.0,0.5739019704677037
URY,Uruguay,Uruguay,2024,712.0,560893.1126275035,2024,126.94040699922957,48.0,80.0,280.0,0.2858797142932524
USA,United States of America,Estados Unidos de América,2014,668.0,46510701.61342873,2014,1.4362286029397002,0.0,0.0,668.0,0.7346223376484894
USA,United States of America,Estados Unidos de América,2015,945.0,46962398.79519859,2015,2.012248147972834,668.0,0.0,806.5,1.3723426998083585
USA,United States of America,Estados Unidos de América,2016,990.0,47427947.82341062,2016,2.087376843050612,945.0,668.0,867.6666666666666,2.2041207803309035
USA,United States of America,Estados Unidos de América,2017,453.0,47894490.47649393,2017,0.9458290410717016,990.0,945.0,796.0,2.2695214104580588
USA,United States of America,Estados Unidos de América,2018,331.0,48339548.41706578,2018,0.6847395369608871,453.0,990.0,591.3333333333334,1.6913862205375085
USA,United States of America,Estados Unidos de América,2019,1158.0,48768261.63943021,2019,2.374495134892673,331.0,453.0,647.3333333333334,1.6676851657343612
USA,United States of America,Estados Unidos de América,2020,307.0,49040428.33855373,2020,0.6260141079531482,1158.0,331.0,598.6666666666666,1.599603577429297
USA,United States of America,Estados Unidos de América,2021,114.0,49180224.68730707,2021,0.2318004863231588,307.0,1158.0,526.3333333333334,1.702119357898921
USA,United States of America,Estados Unidos de América,2022,1156.0,49421780.42165748,2022,2.339049686468642,114.0,307.0,525.6666666666666,1.0089692872290872
USA,United States of America,Estados Unidos de América,2023,156.0,56994969.69951345,2023,0.2737083655320054,1156.0,114.0,475.3333333333333,1.644038282032043
USA,United States of America,Estados Unidos de América,2024,3071.0,57379795.07881315,2024,5.352058151796942,156.0,1156.0,1461.0,2.6255949199047723
VCT,Saint Vincent and the Grenadines,San Vicente y las Granadinas,2014,117.0,16647.304707732983,2014,702.816474222709,0.0,0.0,117.0,0.740255797364442
VCT,Saint Vincent and the Grenadines,San Vicente y las Granadinas,2015,13.0,16564.264546617844,2015,78.48220464852689,117.0,0.0,65.0,0.28628205685446445
VCT,Saint Vincent and the Grenadines,San Vicente y las Granadinas,2016,89.0,16476.091730915796,2016,540.1766477968806,13.0,117.0,73.0,0.7856066750014657
VCT,Saint Vincent and the Grenadines,San Vicente y las Granadinas,2017,3.0,16376.077837838544,2017,18.31940486426001,89.0,13.0,35.0,0.2832201230216941
VCT,Saint Vincent and the Grenadines,San Vicente y las Granadinas,2018,4.0,16267.72278599302,2018,24.58856751262147,3.0,89.0,32.0,0.3910279218893098
VCT,Saint Vincent and the Grenadines,San Vicente y las Granadinas,2019,11.0,16156.791800725356,2019,68.08282322178687,4.0,3.0,6.0,0.15136973733443743
VCT,Saint Vincent and the Grenadines,San Vicente y las Granadinas,2020,1603.0,16062.991666870776,2020,9979.461069547324,11.0,4.0,539.3333333333334,16.003554875513423
VCT,Saint Vincent and the Grenadines,San Vicente y las Granadinas,2021,152.0,15959.84971885555,2021,952.3899201909254,1603.0,11.0,588.6666666666666,1.7103231329348823
VCT,Saint Vincent and the Grenadines,San Vicente y las Granadinas,2022,25.0,15843.43328541015,2022,157.79408130573515,152.0,1603.0,593.3333333333334,1.8046420593192762
VCT,Saint Vincent and the Grenadines,San Vicente y las Granadinas,2023,17.0,16598.51370929559,2023,102.41880868212658,25.0,152.0,64.66666666666667,0.10674055057733939
VCT,Saint Vincent and the Grenadines,San Vicente y las Granadinas,2024,971.0,16502.83826249212,2024,5883.836371388928,17.0,25.0,337.6666666666667,8.828778244991842
VEN,Venezuela (Bolivarian Republic of),Venezuela (República Bolivariana de),2014,87529.0,4337128.435377263,2014,2018.132534098828,0.0,0.0,87529.0,16.426893597666975
VEN,Venezuela (Bolivarian Republic of),Venezuela (República Bolivariana de),2015,54152.0,4386234.799753622,2015,1234.5896303372028,87529.0,0.0,70840.5,22.166226929527333
VEN,Venezuela (Bolivarian Republic of),Venezuela (República Bolivariana de),2016,29268.0,4488867.246465299,2016,652.0130445614473,54152.0,87529.0,56983.0,27.006727002427628
VEN,Venezuela (Bolivarian Republic of),Venezuela (República Bolivariana de),2017,8615.0,4460060.513253453,2017,193.15881419993715,29268.0,54152.0,30678.33333333333,19.906845906435397
VEN,Venezuela (Bolivarian Republic of),Venezuela (República Bolivariana de),2018,19118.0,4346773.062987029,2018,439.82052255708135,8615.0,29268.0,19000.33333333333,12.95612161057371
VEN,Venezuela (Bolivarian Republic of),Venezuela (República Bolivariana de),2019,16015.0,4217128.670352843,2019,379.76076263900296,19118.0,8615.0,14582.666666666666,8.483402519378307
VEN,Venezuela (Bolivarian Republic of),Venezuela (República Bolivariana de),2020,6721.0,4145591.211239026,2020,162.12404112057254,16015.0,19118.0,13951.333333333334,10.969288869744522
VEN,Venezuela (Bolivarian Republic of),Venezuela (República Bolivariana de),2021,5926.0,4119111.783464021,2021,143.86596702205668,6721.0,16015.0,9554.0,8.634588694544851
VEN,Venezuela (Bolivarian Republic of),Venezuela (República Bolivariana de),2022,11409.0,4121399.873341278,2022,276.82341802836424,5926.0,6721.0,8018.666666666667,6.6124836489870065
VEN,Venezuela (Bolivarian Republic of),Venezuela (República Bolivariana de),2023,4809.0,4432221.167522078,2023,108.50090323196952,11409.0,5926.0,7381.333333333333,6.761319285105871
VGB,Virgin Islands (British),Islas Vírgenes Británicas,2014,239.0,5422.042104341567,2014,4407.933310009279,0.0,0.0,239.0,6.383143883703212
VGB,Virgin Islands (British),Islas Vírgenes Británicas,2015,103.0,5683.234840110783,2015,1812.3481238722177,239.0,0.0,171.0,2.3610229277167565
VGB,Virgin Islands (British),Islas Vírgenes Británicas,2016,100.0,5582.83883238528,2016,1791.2034182307711,103.0,239.0,147.33333333333334,2.097362462134241
VGB,Virgin Islands (British),Islas Vírgenes Británicas,2017,67.0,5392.621860221802,2017,1242.4383117648129,100.0,103.0,90.0,1.1014518348904117
VGB,Virgin Islands (British),Islas Vírgenes Británicas,2018,60.0,5734.011184618581,2018,1046.3879135944014,67.0,100.0,75.66666666666667,1.040732102882168
VGB,Virgin Islands (British),Islas Vírgenes Británicas,2019,78.0,6034.314961289992,2019,1292.6073713481717,60.0,67.0,68.33333333333333,1.1818080765684187
VGB,Virgin Islands (British),Islas Vírgenes Británicas,2020,44.0,6165.131731193545,2020,713.6911572768904,78.0,60.0,60.66666666666666,0.8493200589813441
VGB,Virgin Islands (British),Islas Vírgenes Británicas,2021,14.0,6283.531159861902,2021,222.80465623262208,44.0,78.0,45.333333333333336,0.2357196674196302
VGB,Virgin Islands (British),Islas Vírgenes Británicas,2022,27.0,6373.742954421647,2022,423.6129412980066,14.0,44.0,28.33333333333333,0.3703644974659613
VGB,Virgin Islands (British),Islas Vírgenes Británicas,2023,7.0,6493.438180364792,2023,107.80113409205892,27.0,14.0,16.0,0.03620996731402606
VGB,Virgin Islands (British),Islas Vírgenes Británicas,2024,139.0,6583.878268396456,2024,2111.2176491357623,7.0,27.0,57.66666666666666,2.65495864025297
VIR,Virgin Islands (U.S.),Islas Vírgenes (EE. UU.),2014,19.0,16548.20162280346,2014,114.81610167124116,0.0,0.0,19.0,0.0
VIR,Virgin Islands (U.S.),Islas Vírgenes (EE. UU.),2015,3.0,16272.016470856552,2015,18.43655950922277,19.0,0.0,11.0,0.1218917772732713
VIR,Virgin Islands (U.S.),Islas Vírgenes (EE. UU.),2016,11.0,15891.150357413962,2016,69.22091700471506,3.0,19.0,11.0,0.117124651554592
VIR,Virgin Islands (U.S.),Islas Vírgenes (EE. UU.),2017,1.0,15481.61198660121,2017,6.4592756934191655,11.0,3.0,5.0,0.39810033848724935
VIR,Virgin Islands (U.S.),Islas Vírgenes (EE. UU.),2018,0.0,15052.027602578402,2018,0.0,1.0,11.0,4.0,0.17636080627970238
VIR,Virgin Islands (U.S.),Islas Vírgenes (EE. UU.),2019,0.0,14607.041030350443,2019,0.0,0.0,1.0,0.3333333333333333,0.17636080627970238
VIR,Virgin Islands (U.S.),Islas Vírgenes (EE. UU.),2020,0.0,14354.85568551697,2020,0.0,0.0,0.0,0.0,0.17636080627970238
VIR,Virgin Islands (U.S.),Islas Vírgenes (EE. UU.),2021,0.0,14540.00248844369,2021,0.0,0.0,0.0,0.0,0.17636080627970238
VIR,Virgin Islands (U.S.),Islas Vírgenes (EE. UU.),2022,0.0,14426.6745737621,2022,0.0,0.0,0.0,0.0,0.17636080627970238
VIR,Virgin Islands (U.S.),Islas Vírgenes (EE. UU.),2023,0.0,14296.863875157322,2023,0.0,0.0,0.0,0.0,0.17636080627970238
VIR,Virgin Islands (U.S.),Islas Vírgenes (EE. UU.),2024,185.0,14169.424430885774,2024,1305.6281919027467,0.0,0.0,61.66666666666666,1.0166979594518215
